-- MySQL database dump for reserves service

SET NAMES 'utf8mb4';
SET CHARACTER SET utf8mb4;

-- Crear base de datos si no existe
CREATE DATABASE IF NOT EXISTS reserve CHARACTER SET utf8mb4 COLLATE utf8mb4_unicode_ci;

-- Usar la base de datos
USE reserve;

-- Eliminar tablas si existen para evitar conflictos
DROP TABLE IF EXISTS reserves_users;
DROP TABLE IF EXISTS reserves;
DROP TABLE IF EXISTS users;

-- Crear tabla de usuarios

CREATE TABLE users (
    id BIGINT NOT NULL AUTO_INCREMENT,
    rut VARCHAR(255) NOT NULL,
    name VARCHAR(255) NOT NULL,
    lastname VARCHAR(255) NOT NULL,
    email VARCHAR(255) NOT NULL,
    birthdate DATE NOT NULL,
    PRIMARY KEY (id)
) ENGINE=InnoDB DEFAULT CHARSET=utf8mb4 COLLATE=utf8mb4_unicode_ci;
    

-- Crear tabla de reservas

CREATE TABLE reserves (
    id BIGINT NOT NULL AUTO_INCREMENT,
    reserveday DATE NOT NULL,
    begin TIME NOT NULL,
    finish TIME NOT NULL,
    tariff_id BIGINT NOT NULL,
    final_price DOUBLE NOT NULL,
    PRIMARY KEY (id)
) ENGINE=InnoDB DEFAULT CHARSET=utf8mb4 COLLATE=utf8mb4_unicode_ci;
    

-- Crear tabla intermedia para la relación muchos a muchos entre reservas y usuarios

CREATE TABLE reserves_users (
    reserve_id BIGINT NOT NULL,
    user_id BIGINT NOT NULL,
    PRIMARY KEY (reserve_id, user_id),
    FOREIGN KEY (reserve_id) REFERENCES reserves(id) ON DELETE CASCADE,
    FOREIGN KEY (user_id) REFERENCES users(id) ON DELETE CASCADE
) ENGINE=InnoDB DEFAULT CHARSET=utf8mb4 COLLATE=utf8mb4_unicode_ci;
    

-- Poblar tabla 'users'
INSERT INTO users (id, rut, name, lastname, email, birthdate) VALUES
(1, '13627785-5', 'User1', 'LastName1', 'duvanvch12@gmail.com', '1988-05-02'),
(2, '77621283-7', 'User2', 'LastName2', 'duvanvch12@gmail.com', '2001-01-12'),
(3, '87382980-9', 'User3', 'LastName3', 'duvanvch12@gmail.com', '1983-09-07'),
(4, '12696666-8', 'User4', 'LastName4', 'duvanvch12@gmail.com', '1999-08-26'),
(5, '68793164-8', 'User5', 'LastName5', 'duvanvch12@gmail.com', '2007-07-08'),
(6, '14260455-9', 'User6', 'LastName6', 'duvanvch12@gmail.com', '1995-07-12'),
(7, '68924269-5', 'User7', 'LastName7', 'duvanvch12@gmail.com', '1982-09-03'),
(8, '58230083-9', 'User8', 'LastName8', 'duvanvch12@gmail.com', '1991-06-08'),
(9, '62560991-6', 'User9', 'LastName9', 'duvanvch12@gmail.com', '1993-10-05'),
(10, '48128599-9', 'User10', 'LastName10', 'duvanvch12@gmail.com', '2001-07-21'),
(11, '54506810-0', 'User11', 'LastName11', 'duvanvch12@gmail.com', '1981-08-19'),
(12, '38032674-9', 'User12', 'LastName12', 'duvanvch12@gmail.com', '1983-03-09'),
(13, '61785350-4', 'User13', 'LastName13', 'duvanvch12@gmail.com', '1993-09-17'),
(14, '82977289-6', 'User14', 'LastName14', 'duvanvch12@gmail.com', '1988-06-13'),
(15, '37292981-5', 'User15', 'LastName15', 'duvanvch12@gmail.com', '2002-10-03'),
(16, '11706221-6', 'User16', 'LastName16', 'duvanvch12@gmail.com', '2003-01-11'),
(17, '60918064-0', 'User17', 'LastName17', 'duvanvch12@gmail.com', '1998-05-13'),
(18, '44661050-3', 'User18', 'LastName18', 'duvanvch12@gmail.com', '1993-11-15'),
(19, '66756770-2', 'User19', 'LastName19', 'duvanvch12@gmail.com', '1996-09-09'),
(20, '70766351-9', 'User20', 'LastName20', 'duvanvch12@gmail.com', '1983-03-01'),
(21, '16625427-5', 'User21', 'LastName21', 'duvanvch12@gmail.com', '2001-05-24'),
(22, '65905246-3', 'User22', 'LastName22', 'duvanvch12@gmail.com', '2010-05-16'),
(23, '49676203-0', 'User23', 'LastName23', 'duvanvch12@gmail.com', '2008-09-16'),
(24, '89025323-6', 'User24', 'LastName24', 'duvanvch12@gmail.com', '2005-10-15'),
(25, '13436255-0', 'User25', 'LastName25', 'duvanvch12@gmail.com', '2010-07-04');

-- Poblar tabla 'reserves'
INSERT INTO reserves (id, reserveday, begin, finish, tariff_id, final_price) VALUES
(1, '2024-10-01', '13:01:00', '13:31:00', 1, 63061),
(2, '2024-10-02', '11:57:00', '12:37:00', 3, 91692),
(3, '2024-10-02', '13:40:00', '14:15:00', 2, 72524),
(4, '2024-10-02', '15:40:00', '16:15:00', 2, 75414),
(5, '2024-10-03', '13:15:00', '13:50:00', 2, 96255),
(6, '2024-10-03', '18:11:00', '18:46:00', 2, 58326),
(7, '2024-10-04', '13:30:00', '14:10:00', 3, 92155),
(8, '2024-10-05', '09:55:00', '10:25:00', 1, 72163),
(9, '2024-10-05', '10:49:00', '11:19:00', 1, 78292),
(10, '2024-10-05', '12:45:00', '13:25:00', 3, 95125),
(11, '2024-10-06', '11:05:00', '11:35:00', 1, 81633),
(12, '2024-10-06', '12:27:00', '13:07:00', 3, 90604),
(13, '2024-10-06', '15:24:00', '16:04:00', 3, 52041),
(14, '2024-10-07', '10:26:00', '11:06:00', 3, 89241),
(15, '2024-10-07', '12:05:00', '12:35:00', 1, 94438),
(16, '2024-10-07', '14:17:00', '14:47:00', 1, 57526),
(17, '2024-10-08', '13:47:00', '14:17:00', 1, 72983),
(18, '2024-10-08', '16:20:00', '16:50:00', 1, 87806),
(19, '2024-10-09', '10:33:00', '11:03:00', 1, 80708),
(20, '2024-10-10', '11:55:00', '12:30:00', 2, 87262),
(21, '2024-10-11', '10:23:00', '10:53:00', 1, 84755),
(22, '2024-10-11', '13:51:00', '14:26:00', 2, 50700),
(23, '2024-10-11', '17:29:00', '18:09:00', 3, 93316),
(24, '2024-10-12', '15:36:00', '16:06:00', 1, 69882),
(25, '2024-10-13', '10:09:00', '10:39:00', 1, 52282),
(26, '2024-10-14', '12:08:00', '12:48:00', 3, 63152),
(27, '2024-10-15', '09:52:00', '10:32:00', 3, 64197),
(28, '2024-10-15', '14:40:00', '15:20:00', 3, 50085),
(29, '2024-10-16', '09:27:00', '10:02:00', 2, 57101),
(30, '2024-10-16', '13:12:00', '13:52:00', 3, 50836),
(31, '2024-10-17', '09:52:00', '10:32:00', 3, 57273),
(32, '2024-10-17', '12:37:00', '13:12:00', 2, 91640),
(33, '2024-10-18', '10:22:00', '10:52:00', 1, 73978),
(34, '2024-10-18', '11:14:00', '11:44:00', 1, 54814),
(35, '2024-10-19', '10:50:00', '11:25:00', 2, 76007),
(36, '2024-10-19', '12:52:00', '13:27:00', 2, 77984),
(37, '2024-10-19', '13:58:00', '14:28:00', 1, 82742),
(38, '2024-10-20', '13:48:00', '14:23:00', 2, 61728),
(39, '2024-10-20', '17:09:00', '17:49:00', 3, 58241),
(40, '2024-10-22', '11:05:00', '11:45:00', 3, 99045),
(41, '2024-10-22', '14:10:00', '14:50:00', 3, 54999),
(42, '2024-10-22', '16:25:00', '17:00:00', 2, 58763),
(43, '2024-10-23', '10:14:00', '10:49:00', 2, 52669),
(44, '2024-10-23', '15:35:00', '16:10:00', 2, 55025),
(45, '2024-10-24', '17:25:00', '17:55:00', 1, 98732),
(46, '2024-10-25', '10:18:00', '10:53:00', 2, 93652),
(47, '2024-10-25', '12:25:00', '13:00:00', 2, 98757),
(48, '2024-10-25', '14:23:00', '15:03:00', 3, 76021),
(49, '2024-10-26', '10:23:00', '10:58:00', 2, 92925),
(50, '2024-10-26', '12:48:00', '13:28:00', 3, 69890),
(51, '2024-10-26', '16:39:00', '17:19:00', 3, 70543),
(52, '2024-10-27', '09:48:00', '10:23:00', 2, 65456),
(53, '2024-10-27', '11:26:00', '12:01:00', 2, 92348),
(54, '2024-10-27', '13:37:00', '14:17:00', 3, 55188),
(55, '2024-10-28', '10:12:00', '10:42:00', 1, 67076),
(56, '2024-10-28', '12:48:00', '13:28:00', 3, 67041),
(57, '2024-10-29', '12:33:00', '13:08:00', 2, 77995),
(58, '2024-10-30', '13:20:00', '13:55:00', 2, 87516),
(59, '2024-10-31', '12:03:00', '12:38:00', 2, 88760),
(60, '2024-10-31', '15:24:00', '15:54:00', 1, 91331),
(61, '2024-10-31', '17:23:00', '18:03:00', 3, 92973),
(62, '2024-11-01', '09:55:00', '10:30:00', 2, 93328),
(63, '2024-11-01', '13:49:00', '14:29:00', 3, 67685),
(64, '2024-11-01', '14:57:00', '15:37:00', 3, 64564),
(65, '2024-11-02', '11:18:00', '11:58:00', 3, 83004),
(66, '2024-11-03', '12:15:00', '12:50:00', 2, 70904),
(67, '2024-11-04', '12:18:00', '12:48:00', 1, 75109),
(68, '2024-11-04', '17:40:00', '18:10:00', 1, 86042),
(69, '2024-11-05', '11:44:00', '12:24:00', 3, 88314),
(70, '2024-11-05', '14:50:00', '15:30:00', 3, 85533),
(71, '2024-11-05', '16:58:00', '17:38:00', 3, 68599),
(72, '2024-11-06', '12:09:00', '12:39:00', 1, 88612),
(73, '2024-11-06', '13:35:00', '14:10:00', 2, 50529),
(74, '2024-11-06', '16:11:00', '16:51:00', 3, 84135),
(75, '2024-11-07', '10:07:00', '10:47:00', 3, 80389),
(76, '2024-11-08', '12:07:00', '12:42:00', 2, 64406),
(77, '2024-11-09', '09:50:00', '10:20:00', 1, 69576),
(78, '2024-11-09', '13:08:00', '13:38:00', 1, 93978),
(79, '2024-11-10', '09:24:00', '10:04:00', 3, 55213),
(80, '2024-11-10', '11:07:00', '11:42:00', 2, 94346),
(81, '2024-11-10', '14:41:00', '15:21:00', 3, 92746),
(82, '2024-11-11', '09:22:00', '09:57:00', 2, 68120),
(83, '2024-11-11', '10:11:00', '10:51:00', 3, 59843),
(84, '2024-11-11', '13:57:00', '14:37:00', 3, 77046),
(85, '2024-11-12', '09:33:00', '10:13:00', 3, 94408),
(86, '2024-11-12', '11:42:00', '12:12:00', 1, 65608),
(87, '2024-11-12', '15:32:00', '16:02:00', 1, 50292),
(88, '2024-11-13', '09:49:00', '10:24:00', 2, 54120),
(89, '2024-11-13', '13:38:00', '14:13:00', 2, 97136),
(90, '2024-11-14', '10:12:00', '10:42:00', 1, 68072),
(91, '2024-11-14', '14:18:00', '14:53:00', 2, 93750),
(92, '2024-11-15', '17:10:00', '17:50:00', 3, 97997),
(93, '2024-11-16', '12:19:00', '12:59:00', 3, 85034),
(94, '2024-11-16', '14:08:00', '14:38:00', 1, 55977),
(95, '2024-11-16', '16:48:00', '17:23:00', 2, 53280),
(96, '2024-11-17', '13:03:00', '13:38:00', 2, 58366),
(97, '2024-11-17', '15:12:00', '15:52:00', 3, 58796),
(98, '2024-11-18', '09:44:00', '10:14:00', 1, 77203),
(99, '2024-11-18', '14:01:00', '14:31:00', 1, 64144),
(100, '2024-11-19', '13:57:00', '14:32:00', 2, 97093),
(101, '2024-11-20', '09:32:00', '10:12:00', 3, 93958),
(102, '2024-11-20', '11:42:00', '12:17:00', 2, 78557),
(103, '2024-11-20', '15:25:00', '16:00:00', 2, 81987),
(104, '2024-11-21', '12:23:00', '12:53:00', 1, 60594),
(105, '2024-11-21', '15:51:00', '16:26:00', 2, 63663),
(106, '2024-11-22', '11:39:00', '12:19:00', 3, 71006),
(107, '2024-11-22', '12:58:00', '13:28:00', 1, 94352),
(108, '2024-11-22', '14:31:00', '15:01:00', 1, 88642),
(109, '2024-11-23', '12:25:00', '12:55:00', 1, 89902),
(110, '2024-11-24', '09:50:00', '10:20:00', 1, 99657),
(111, '2024-11-24', '13:10:00', '13:50:00', 3, 96735),
(112, '2024-11-24', '16:47:00', '17:27:00', 3, 82223),
(113, '2024-11-25', '11:50:00', '12:25:00', 2, 86776),
(114, '2024-11-25', '14:36:00', '15:11:00', 2, 61224),
(115, '2024-11-26', '09:07:00', '09:47:00', 3, 50735),
(116, '2024-11-26', '09:52:00', '10:32:00', 3, 93876),
(117, '2024-11-26', '11:19:00', '11:59:00', 3, 88150),
(118, '2024-11-27', '10:52:00', '11:27:00', 2, 99408),
(119, '2024-11-27', '14:11:00', '14:51:00', 3, 76542),
(120, '2024-11-27', '17:40:00', '18:10:00', 1, 91652),
(121, '2024-11-28', '13:26:00', '14:06:00', 3, 72363),
(122, '2024-11-29', '11:34:00', '12:14:00', 3, 90607),
(123, '2024-11-29', '13:01:00', '13:36:00', 2, 56408),
(124, '2024-11-29', '14:09:00', '14:49:00', 3, 95173),
(125, '2024-11-30', '13:40:00', '14:20:00', 3, 80388),
(126, '2024-11-30', '16:19:00', '16:59:00', 3, 66401),
(127, '2024-12-01', '13:22:00', '13:52:00', 1, 97545),
(128, '2024-12-01', '14:27:00', '14:57:00', 1, 79405),
(129, '2024-12-02', '10:48:00', '11:23:00', 2, 78338),
(130, '2024-12-02', '12:29:00', '12:59:00', 1, 65733),
(131, '2024-12-03', '17:25:00', '18:05:00', 3, 72775),
(132, '2024-12-04', '10:31:00', '11:01:00', 1, 90650),
(133, '2024-12-04', '13:37:00', '14:17:00', 3, 56298),
(134, '2024-12-04', '15:08:00', '15:48:00', 3, 83934),
(135, '2024-12-05', '12:32:00', '13:12:00', 3, 60664),
(136, '2024-12-05', '17:57:00', '18:37:00', 3, 59338),
(137, '2024-12-06', '12:40:00', '13:10:00', 1, 57457),
(138, '2024-12-07', '13:43:00', '14:18:00', 2, 86216),
(139, '2024-12-09', '16:02:00', '16:32:00', 1, 74794),
(140, '2024-12-10', '11:48:00', '12:28:00', 3, 88344),
(141, '2024-12-10', '13:10:00', '13:40:00', 1, 75159),
(142, '2024-12-10', '16:50:00', '17:20:00', 1, 59066),
(143, '2024-12-11', '09:21:00', '09:56:00', 2, 91448),
(144, '2024-12-11', '10:04:00', '10:34:00', 1, 93819),
(145, '2024-12-11', '13:19:00', '13:49:00', 1, 77086),
(146, '2024-12-12', '13:57:00', '14:27:00', 1, 77988),
(147, '2024-12-13', '18:21:00', '18:51:00', 1, 55805),
(148, '2024-12-14', '09:06:00', '09:46:00', 3, 96670),
(149, '2024-12-14', '11:49:00', '12:29:00', 3, 90859),
(150, '2024-12-14', '15:07:00', '15:42:00', 2, 60846),
(151, '2024-12-15', '14:50:00', '15:20:00', 1, 78714),
(152, '2024-12-16', '09:38:00', '10:13:00', 2, 90358),
(153, '2024-12-17', '12:08:00', '12:43:00', 2, 67243),
(154, '2024-12-17', '15:17:00', '15:47:00', 1, 72711),
(155, '2024-12-17', '15:58:00', '16:33:00', 2, 79599),
(156, '2024-12-18', '09:01:00', '09:31:00', 1, 89447),
(157, '2024-12-18', '12:43:00', '13:13:00', 1, 81956),
(158, '2024-12-19', '12:37:00', '13:07:00', 1, 57249),
(159, '2024-12-19', '13:36:00', '14:06:00', 1, 82233),
(160, '2024-12-20', '12:49:00', '13:19:00', 1, 69329),
(161, '2024-12-20', '15:43:00', '16:23:00', 3, 59380),
(162, '2024-12-22', '09:30:00', '10:00:00', 1, 55781),
(163, '2024-12-22', '12:05:00', '12:35:00', 1, 74314),
(164, '2024-12-23', '13:38:00', '14:13:00', 2, 85371),
(165, '2024-12-23', '14:57:00', '15:27:00', 1, 61211),
(166, '2024-12-24', '09:37:00', '10:07:00', 1, 51318),
(167, '2024-12-24', '13:02:00', '13:37:00', 2, 60075),
(168, '2024-12-24', '14:36:00', '15:11:00', 2, 93674),
(169, '2024-12-25', '11:02:00', '11:32:00', 1, 87967),
(170, '2024-12-25', '13:37:00', '14:12:00', 2, 53001),
(171, '2024-12-25', '14:55:00', '15:25:00', 1, 78379),
(172, '2024-12-26', '12:46:00', '13:26:00', 3, 92592),
(173, '2024-12-26', '14:21:00', '14:51:00', 1, 95170),
(174, '2024-12-27', '10:59:00', '11:39:00', 3, 52771),
(175, '2024-12-27', '12:23:00', '13:03:00', 3, 68208),
(176, '2024-12-27', '15:00:00', '15:35:00', 2, 79061),
(177, '2024-12-28', '10:17:00', '10:52:00', 2, 97165),
(178, '2024-12-28', '13:48:00', '14:18:00', 1, 51208),
(179, '2024-12-28', '15:36:00', '16:11:00', 2, 84730),
(180, '2024-12-29', '09:06:00', '09:41:00', 2, 96163),
(181, '2024-12-29', '09:56:00', '10:36:00', 3, 89872),
(182, '2024-12-29', '10:40:00', '11:15:00', 2, 92507),
(183, '2024-12-30', '12:22:00', '12:57:00', 2, 74063),
(184, '2024-12-30', '15:17:00', '15:52:00', 2, 86619),
(185, '2024-12-31', '15:21:00', '15:56:00', 2, 58023),
(186, '2025-01-01', '09:19:00', '09:59:00', 3, 75819),
(187, '2025-01-01', '12:56:00', '13:26:00', 1, 92788),
(188, '2025-01-01', '15:46:00', '16:16:00', 1, 95746),
(189, '2025-01-02', '09:53:00', '10:23:00', 1, 84015),
(190, '2025-01-02', '12:43:00', '13:23:00', 3, 71294),
(191, '2025-01-03', '15:32:00', '16:07:00', 2, 91890),
(192, '2025-01-04', '18:10:00', '18:45:00', 2, 72894),
(193, '2025-01-05', '13:56:00', '14:36:00', 3, 71840),
(194, '2025-01-06', '11:51:00', '12:31:00', 3, 96534),
(195, '2025-01-06', '13:09:00', '13:39:00', 1, 76237),
(196, '2025-01-07', '09:13:00', '09:48:00', 2, 99001),
(197, '2025-01-07', '12:09:00', '12:44:00', 2, 73298),
(198, '2025-01-07', '14:04:00', '14:39:00', 2, 79510),
(199, '2025-01-08', '09:48:00', '10:28:00', 3, 78756),
(200, '2025-01-09', '10:55:00', '11:35:00', 3, 84089),
(201, '2025-01-10', '12:37:00', '13:07:00', 1, 91397),
(202, '2025-01-11', '11:45:00', '12:20:00', 2, 64955),
(203, '2025-01-11', '16:28:00', '16:58:00', 1, 55046),
(204, '2025-01-12', '15:09:00', '15:49:00', 3, 70442),
(205, '2025-01-13', '10:12:00', '10:42:00', 1, 76708),
(206, '2025-01-13', '12:58:00', '13:28:00', 1, 67257),
(207, '2025-01-13', '14:33:00', '15:08:00', 2, 97545),
(208, '2025-01-14', '10:00:00', '10:40:00', 3, 94680),
(209, '2025-01-14', '15:19:00', '15:54:00', 2, 54917),
(210, '2025-01-15', '09:33:00', '10:08:00', 2, 93925),
(211, '2025-01-15', '15:06:00', '15:46:00', 3, 71068),
(212, '2025-01-16', '17:00:00', '17:35:00', 2, 52072),
(213, '2025-01-17', '15:45:00', '16:15:00', 1, 77627),
(214, '2025-01-18', '15:44:00', '16:14:00', 1, 54579),
(215, '2025-01-19', '09:18:00', '09:48:00', 1, 77963),
(216, '2025-01-19', '13:03:00', '13:43:00', 3, 69133),
(217, '2025-01-19', '17:00:00', '17:35:00', 2, 90512),
(218, '2025-01-20', '13:59:00', '14:34:00', 2, 87503),
(219, '2025-01-21', '09:08:00', '09:48:00', 3, 64852),
(220, '2025-01-21', '10:23:00', '10:58:00', 2, 86405),
(221, '2025-01-21', '12:42:00', '13:17:00', 2, 91743),
(222, '2025-01-22', '09:51:00', '10:21:00', 1, 75895),
(223, '2025-01-23', '09:25:00', '10:00:00', 2, 65090),
(224, '2025-01-23', '12:37:00', '13:17:00', 3, 73697),
(225, '2025-01-23', '13:53:00', '14:23:00', 1, 56249),
(226, '2025-01-24', '12:19:00', '12:59:00', 3, 82611),
(227, '2025-01-24', '15:49:00', '16:24:00', 2, 56177),
(228, '2025-01-24', '18:23:00', '18:58:00', 2, 54261),
(229, '2025-01-25', '13:39:00', '14:14:00', 2, 89947),
(230, '2025-01-25', '17:21:00', '17:51:00', 1, 79458),
(231, '2025-01-26', '18:22:00', '18:52:00', 1, 91926),
(232, '2025-01-27', '12:24:00', '13:04:00', 3, 60261),
(233, '2025-01-27', '14:47:00', '15:22:00', 2, 61334),
(234, '2025-01-28', '09:26:00', '10:01:00', 2, 50789),
(235, '2025-01-28', '12:02:00', '12:37:00', 2, 68744),
(236, '2025-01-29', '17:01:00', '17:41:00', 3, 64388),
(237, '2025-01-30', '09:37:00', '10:17:00', 3, 94251),
(238, '2025-01-30', '12:16:00', '12:46:00', 1, 82477),
(239, '2025-01-30', '14:07:00', '14:42:00', 2, 80379),
(240, '2025-01-31', '10:20:00', '10:55:00', 2, 91672),
(241, '2025-01-31', '12:29:00', '12:59:00', 1, 65143),
(242, '2025-02-01', '10:57:00', '11:27:00', 1, 83401),
(243, '2025-02-01', '13:45:00', '14:25:00', 3, 83268),
(244, '2025-02-02', '13:36:00', '14:11:00', 2, 71247),
(245, '2025-02-03', '09:52:00', '10:22:00', 1, 56000),
(246, '2025-02-04', '10:43:00', '11:13:00', 1, 88803),
(247, '2025-02-04', '13:04:00', '13:44:00', 3, 51716),
(248, '2025-02-04', '16:44:00', '17:24:00', 3, 54301),
(249, '2025-02-05', '13:51:00', '14:31:00', 3, 93898),
(250, '2025-02-05', '17:44:00', '18:24:00', 3, 76987),
(251, '2025-02-06', '17:21:00', '18:01:00', 3, 92577),
(252, '2025-02-07', '12:54:00', '13:34:00', 3, 95199),
(253, '2025-02-07', '17:59:00', '18:39:00', 3, 53335),
(254, '2025-02-08', '11:48:00', '12:23:00', 2, 58551),
(255, '2025-02-08', '15:46:00', '16:21:00', 2, 92121),
(256, '2025-02-09', '09:24:00', '10:04:00', 3, 53471),
(257, '2025-02-09', '10:39:00', '11:19:00', 3, 56907),
(258, '2025-02-09', '11:37:00', '12:12:00', 2, 82437),
(259, '2025-02-10', '11:22:00', '11:57:00', 2, 56059),
(260, '2025-02-10', '16:39:00', '17:19:00', 3, 55167),
(261, '2025-02-11', '09:19:00', '09:54:00', 2, 84068),
(262, '2025-02-11', '13:23:00', '13:53:00', 1, 84955),
(263, '2025-02-12', '13:24:00', '14:04:00', 3, 55216),
(264, '2025-02-12', '16:00:00', '16:35:00', 2, 50413),
(265, '2025-02-13', '12:39:00', '13:19:00', 3, 90256),
(266, '2025-02-13', '17:12:00', '17:47:00', 2, 90377),
(267, '2025-02-14', '12:28:00', '13:08:00', 3, 64291),
(268, '2025-02-14', '13:31:00', '14:11:00', 3, 93807),
(269, '2025-02-15', '12:00:00', '12:35:00', 2, 71632),
(270, '2025-02-15', '12:43:00', '13:23:00', 3, 97427),
(271, '2025-02-15', '16:24:00', '17:04:00', 3, 83938),
(272, '2025-02-16', '13:20:00', '14:00:00', 3, 74541),
(273, '2025-02-16', '14:13:00', '14:48:00', 2, 55734),
(274, '2025-02-17', '12:32:00', '13:07:00', 2, 99736),
(275, '2025-02-17', '13:28:00', '14:03:00', 2, 90489),
(276, '2025-02-18', '11:52:00', '12:27:00', 2, 51441),
(277, '2025-02-19', '11:13:00', '11:53:00', 3, 81982),
(278, '2025-02-19', '13:56:00', '14:31:00', 2, 81097),
(279, '2025-02-19', '16:30:00', '17:05:00', 2, 77394),
(280, '2025-02-20', '16:19:00', '16:49:00', 1, 79295),
(281, '2025-02-21', '15:54:00', '16:24:00', 1, 87031),
(282, '2025-02-22', '09:11:00', '09:46:00', 2, 59209),
(283, '2025-02-23', '13:24:00', '14:04:00', 3, 89922),
(284, '2025-02-24', '12:13:00', '12:48:00', 2, 93877),
(285, '2025-02-24', '13:21:00', '14:01:00', 3, 52072),
(286, '2025-02-24', '17:17:00', '17:47:00', 1, 57421),
(287, '2025-02-25', '15:12:00', '15:47:00', 2, 70441),
(288, '2025-02-26', '11:12:00', '11:52:00', 3, 58349),
(289, '2025-02-26', '11:53:00', '12:28:00', 2, 94224),
(290, '2025-02-26', '15:11:00', '15:46:00', 2, 94553),
(291, '2025-02-27', '12:19:00', '12:49:00', 1, 84051),
(292, '2025-02-27', '16:48:00', '17:23:00', 2, 57695),
(293, '2025-02-28', '12:10:00', '12:50:00', 3, 74176),
(294, '2025-02-28', '15:56:00', '16:36:00', 3, 79251),
(295, '2025-03-01', '13:02:00', '13:32:00', 1, 90302),
(296, '2025-03-01', '16:20:00', '16:55:00', 2, 95127),
(297, '2025-03-02', '11:19:00', '11:54:00', 2, 93647),
(298, '2025-03-02', '14:05:00', '14:35:00', 1, 66401),
(299, '2025-03-02', '15:39:00', '16:09:00', 1, 67807),
(300, '2025-03-03', '11:11:00', '11:51:00', 3, 88523),
(301, '2025-03-03', '15:06:00', '15:46:00', 3, 54260),
(302, '2025-03-04', '15:32:00', '16:07:00', 2, 63131),
(303, '2025-03-05', '10:40:00', '11:15:00', 2, 69137),
(304, '2025-03-05', '15:08:00', '15:48:00', 3, 63653),
(305, '2025-03-06', '09:01:00', '09:36:00', 2, 87245),
(306, '2025-03-06', '12:39:00', '13:14:00', 2, 74238),
(307, '2025-03-07', '13:18:00', '13:58:00', 3, 99073),
(308, '2025-03-08', '11:32:00', '12:07:00', 2, 98629),
(309, '2025-03-08', '14:24:00', '14:59:00', 2, 66259),
(310, '2025-03-08', '15:01:00', '15:31:00', 1, 63301),
(311, '2025-03-09', '11:57:00', '12:27:00', 1, 52634),
(312, '2025-03-09', '15:31:00', '16:11:00', 3, 65899),
(313, '2025-03-09', '17:00:00', '17:30:00', 1, 90828),
(314, '2025-03-10', '09:08:00', '09:38:00', 1, 70663),
(315, '2025-03-11', '10:31:00', '11:06:00', 2, 81350),
(316, '2025-03-11', '13:03:00', '13:43:00', 3, 92242),
(317, '2025-03-11', '14:59:00', '15:39:00', 3, 52334),
(318, '2025-03-12', '11:34:00', '12:04:00', 1, 92413),
(319, '2025-03-12', '13:49:00', '14:29:00', 3, 94552),
(320, '2025-03-12', '15:00:00', '15:35:00', 2, 88696),
(321, '2025-03-14', '11:31:00', '12:06:00', 2, 66340),
(322, '2025-03-14', '13:22:00', '14:02:00', 3, 57042),
(323, '2025-03-14', '16:26:00', '16:56:00', 1, 86649),
(324, '2025-03-15', '10:26:00', '10:56:00', 1, 78635),
(325, '2025-03-15', '12:46:00', '13:21:00', 2, 52843),
(326, '2025-03-16', '12:14:00', '12:54:00', 3, 79167),
(327, '2025-03-16', '13:04:00', '13:34:00', 1, 53467),
(328, '2025-03-16', '15:04:00', '15:44:00', 3, 50903),
(329, '2025-03-17', '17:52:00', '18:27:00', 2, 76733),
(330, '2025-03-18', '13:43:00', '14:18:00', 2, 86154),
(331, '2025-03-18', '15:38:00', '16:08:00', 1, 57771),
(332, '2025-03-19', '10:19:00', '10:49:00', 1, 83066),
(333, '2025-03-19', '11:26:00', '11:56:00', 1, 78165),
(334, '2025-03-19', '12:54:00', '13:24:00', 1, 83796),
(335, '2025-03-20', '09:34:00', '10:09:00', 2, 56643),
(336, '2025-03-20', '11:38:00', '12:18:00', 3, 66094),
(337, '2025-03-20', '15:26:00', '15:56:00', 1, 78337),
(338, '2025-03-21', '10:35:00', '11:10:00', 2, 60051),
(339, '2025-03-21', '12:23:00', '13:03:00', 3, 78632),
(340, '2025-03-21', '13:20:00', '13:50:00', 1, 62757),
(341, '2025-03-22', '10:36:00', '11:06:00', 1, 78876),
(342, '2025-03-22', '12:48:00', '13:18:00', 1, 97031),
(343, '2025-03-22', '14:41:00', '15:16:00', 2, 76678),
(344, '2025-03-23', '09:43:00', '10:13:00', 1, 95387),
(345, '2025-03-23', '13:19:00', '13:54:00', 2, 60556),
(346, '2025-03-24', '09:54:00', '10:24:00', 1, 88797),
(347, '2025-03-24', '12:10:00', '12:50:00', 3, 99824),
(348, '2025-03-24', '13:53:00', '14:28:00', 2, 55769),
(349, '2025-03-25', '11:54:00', '12:34:00', 3, 79828),
(350, '2025-03-26', '11:14:00', '11:49:00', 2, 70297),
(351, '2025-03-26', '13:13:00', '13:53:00', 3, 76010),
(352, '2025-03-27', '11:51:00', '12:21:00', 1, 71724),
(353, '2025-03-27', '12:57:00', '13:27:00', 1, 54803),
(354, '2025-03-28', '13:59:00', '14:29:00', 1, 73151),
(355, '2025-03-28', '16:37:00', '17:17:00', 3, 98413),
(356, '2025-03-29', '13:18:00', '13:53:00', 2, 72428),
(357, '2025-03-30', '09:54:00', '10:24:00', 1, 84001),
(358, '2025-03-30', '13:18:00', '13:53:00', 2, 86129),
(359, '2025-03-31', '11:00:00', '11:30:00', 1, 56875),
(360, '2025-03-31', '14:43:00', '15:18:00', 2, 97889),
(361, '2025-04-01', '11:07:00', '11:42:00', 2, 73668),
(362, '2025-04-01', '13:54:00', '14:34:00', 3, 70160),
(363, '2025-04-01', '15:36:00', '16:06:00', 1, 73924),
(364, '2025-04-02', '09:02:00', '09:37:00', 2, 57939),
(365, '2025-04-02', '10:21:00', '10:56:00', 2, 95676),
(366, '2025-04-02', '11:42:00', '12:22:00', 3, 95723),
(367, '2025-04-03', '10:17:00', '10:52:00', 2, 62406),
(368, '2025-04-03', '13:34:00', '14:09:00', 2, 59400),
(369, '2025-04-03', '16:57:00', '17:32:00', 2, 54907),
(370, '2025-04-04', '09:22:00', '09:57:00', 2, 85275),
(371, '2025-04-04', '10:42:00', '11:12:00', 1, 54527),
(372, '2025-04-04', '13:49:00', '14:24:00', 2, 89365),
(373, '2025-04-05', '12:06:00', '12:41:00', 2, 54148),
(374, '2025-04-06', '12:18:00', '12:48:00', 1, 50452),
(375, '2025-04-06', '13:33:00', '14:08:00', 2, 54209),
(376, '2025-04-06', '15:11:00', '15:41:00', 1, 70593),
(377, '2025-04-07', '17:41:00', '18:16:00', 2, 61174),
(378, '2025-04-08', '10:55:00', '11:30:00', 2, 90005),
(379, '2025-04-08', '12:19:00', '12:54:00', 2, 85836),
(380, '2025-04-08', '15:06:00', '15:41:00', 2, 83045),
(381, '2025-04-09', '17:26:00', '18:06:00', 3, 78122),
(382, '2025-04-10', '10:32:00', '11:02:00', 1, 73125),
(383, '2025-04-10', '12:21:00', '13:01:00', 3, 95768),
(384, '2025-04-10', '14:50:00', '15:30:00', 3, 94385),
(385, '2025-04-11', '10:03:00', '10:38:00', 2, 72361),
(386, '2025-04-11', '13:45:00', '14:15:00', 1, 80239),
(387, '2025-04-12', '11:30:00', '12:05:00', 2, 56831),
(388, '2025-04-12', '13:32:00', '14:12:00', 3, 51877),
(389, '2025-04-13', '10:19:00', '10:59:00', 3, 59939),
(390, '2025-04-13', '12:30:00', '13:00:00', 1, 98477),
(391, '2025-04-14', '11:35:00', '12:05:00', 1, 96186),
(392, '2025-04-14', '12:26:00', '13:01:00', 2, 98405),
(393, '2025-04-14', '15:26:00', '16:06:00', 3, 95153),
(394, '2025-04-15', '10:28:00', '10:58:00', 1, 63388),
(395, '2025-04-15', '13:12:00', '13:47:00', 2, 93687),
(396, '2025-04-15', '14:56:00', '15:31:00', 2, 75086),
(397, '2025-04-16', '16:55:00', '17:30:00', 2, 88122),
(398, '2025-04-17', '10:01:00', '10:36:00', 2, 61872),
(399, '2025-04-17', '11:51:00', '12:26:00', 2, 88562),
(400, '2025-04-17', '13:03:00', '13:38:00', 2, 71184),
(401, '2025-04-18', '10:50:00', '11:30:00', 3, 72689),
(402, '2025-04-18', '14:50:00', '15:30:00', 3, 81708),
(403, '2025-04-18', '15:44:00', '16:14:00', 1, 55656),
(404, '2025-04-19', '13:44:00', '14:24:00', 3, 69420),
(405, '2025-04-19', '17:33:00', '18:13:00', 3, 52495),
(406, '2025-04-20', '13:27:00', '14:07:00', 3, 96408),
(407, '2025-04-20', '15:15:00', '15:45:00', 1, 73985),
(408, '2025-04-21', '12:33:00', '13:03:00', 1, 96156),
(409, '2025-04-21', '13:47:00', '14:22:00', 2, 87691),
(410, '2025-04-22', '10:19:00', '10:54:00', 2, 51433),
(411, '2025-04-23', '13:39:00', '14:19:00', 3, 65450),
(412, '2025-04-23', '18:15:00', '18:50:00', 2, 96906),
(413, '2025-04-24', '13:16:00', '13:56:00', 3, 84030),
(414, '2025-04-25', '12:29:00', '13:09:00', 3, 80127),
(415, '2025-04-25', '17:31:00', '18:11:00', 3, 74107),
(416, '2025-04-26', '11:09:00', '11:39:00', 1, 84627),
(417, '2025-04-27', '15:11:00', '15:46:00', 2, 70652),
(418, '2025-04-28', '12:12:00', '12:52:00', 3, 77312),
(419, '2025-04-28', '15:58:00', '16:33:00', 2, 79790),
(420, '2025-04-28', '18:16:00', '18:46:00', 1, 74193),
(421, '2025-04-29', '11:19:00', '11:54:00', 2, 56025),
(422, '2025-04-29', '14:04:00', '14:39:00', 2, 63215),
(423, '2025-04-29', '16:11:00', '16:51:00', 3, 82476),
(424, '2025-04-30', '14:33:00', '15:08:00', 2, 84517),
(425, '2025-05-01', '11:16:00', '11:56:00', 3, 78081),
(426, '2025-05-01', '12:18:00', '12:58:00', 3, 82308),
(427, '2025-05-01', '14:00:00', '14:40:00', 3, 69430);

-- Poblar tabla 'reserves_users'
INSERT INTO reserves_users (reserve_id, user_id) VALUES
(1, 14),
(1, 15),
(1, 10),
(1, 2),
(2, 8),
(2, 5),
(2, 16),
(2, 3),
(2, 12),
(3, 1),
(3, 20),
(3, 15),
(3, 22),
(4, 25),
(4, 13),
(4, 4),
(4, 5),
(4, 17),
(5, 14),
(5, 24),
(5, 9),
(5, 15),
(6, 9),
(6, 10),
(7, 12),
(7, 25),
(7, 10),
(8, 14),
(8, 23),
(8, 22),
(8, 19),
(9, 5),
(9, 18),
(9, 9),
(10, 3),
(10, 12),
(10, 22),
(10, 14),
(10, 25),
(11, 1),
(11, 25),
(11, 14),
(12, 5),
(12, 14),
(12, 7),
(13, 11),
(13, 7),
(14, 21),
(14, 7),
(15, 19),
(15, 9),
(15, 10),
(15, 7),
(16, 17),
(16, 24),
(17, 21),
(17, 25),
(17, 7),
(17, 8),
(18, 12),
(18, 13),
(18, 4),
(18, 3),
(19, 13),
(19, 23),
(19, 6),
(19, 16),
(19, 3),
(20, 17),
(20, 11),
(20, 2),
(21, 18),
(21, 10),
(21, 6),
(22, 2),
(22, 22),
(22, 14),
(23, 25),
(23, 22),
(24, 5),
(24, 4),
(25, 24),
(25, 4),
(25, 11),
(26, 3),
(26, 22),
(26, 8),
(26, 9),
(26, 17),
(27, 21),
(27, 8),
(27, 1),
(28, 13),
(28, 14),
(29, 20),
(29, 11),
(29, 1),
(29, 22),
(30, 1),
(30, 13),
(31, 21),
(31, 10),
(31, 15),
(31, 17),
(32, 14),
(32, 15),
(32, 2),
(32, 16),
(33, 12),
(33, 25),
(33, 24),
(34, 11),
(34, 7),
(34, 23),
(35, 13),
(35, 10),
(35, 6),
(36, 14),
(36, 25),
(36, 12),
(37, 18),
(37, 2),
(38, 16),
(38, 12),
(38, 13),
(38, 3),
(38, 21),
(39, 17),
(39, 1),
(39, 4),
(39, 18),
(40, 1),
(40, 7),
(40, 4),
(41, 19),
(41, 5),
(41, 21),
(41, 25),
(41, 17),
(42, 16),
(42, 25),
(42, 8),
(42, 12),
(43, 3),
(43, 18),
(43, 5),
(44, 1),
(44, 19),
(44, 25),
(45, 8),
(45, 24),
(45, 21),
(46, 22),
(46, 3),
(47, 7),
(47, 3),
(47, 22),
(48, 25),
(48, 22),
(48, 19),
(49, 10),
(49, 23),
(49, 6),
(49, 20),
(50, 19),
(50, 22),
(51, 11),
(51, 25),
(52, 2),
(52, 13),
(52, 8),
(52, 5),
(52, 4),
(53, 7),
(53, 10),
(53, 1),
(54, 19),
(54, 10),
(54, 25),
(54, 20),
(54, 17),
(55, 4),
(55, 14),
(55, 17),
(56, 22),
(56, 2),
(57, 11),
(57, 24),
(57, 7),
(57, 25),
(57, 15),
(58, 20),
(58, 18),
(58, 21),
(59, 7),
(59, 13),
(59, 23),
(59, 9),
(60, 15),
(60, 24),
(60, 9),
(60, 10),
(60, 22),
(61, 16),
(61, 7),
(62, 3),
(62, 6),
(62, 7),
(62, 15),
(62, 24),
(63, 7),
(63, 22),
(63, 12),
(63, 20),
(63, 18),
(64, 22),
(64, 9),
(64, 24),
(64, 18),
(64, 1),
(65, 16),
(65, 20),
(65, 19),
(65, 5),
(66, 3),
(66, 21),
(67, 11),
(67, 14),
(67, 5),
(68, 3),
(68, 20),
(68, 14),
(68, 5),
(68, 8),
(69, 1),
(69, 4),
(69, 10),
(69, 11),
(69, 7),
(70, 24),
(70, 5),
(70, 11),
(71, 23),
(71, 17),
(71, 3),
(72, 1),
(72, 16),
(72, 12),
(72, 6),
(72, 7),
(73, 3),
(73, 14),
(74, 25),
(74, 2),
(74, 20),
(74, 18),
(75, 4),
(75, 1),
(75, 10),
(75, 17),
(76, 8),
(76, 6),
(76, 3),
(76, 5),
(77, 4),
(77, 18),
(78, 7),
(78, 13),
(78, 21),
(78, 19),
(78, 9),
(79, 12),
(79, 8),
(79, 4),
(80, 13),
(80, 5),
(81, 2),
(81, 14),
(81, 4),
(81, 21),
(82, 16),
(82, 7),
(82, 13),
(83, 10),
(83, 12),
(83, 9),
(84, 16),
(84, 23),
(84, 12),
(84, 14),
(85, 16),
(85, 15),
(85, 3),
(85, 1),
(85, 6),
(86, 18),
(86, 15),
(86, 16),
(86, 21),
(86, 1),
(87, 9),
(87, 5),
(87, 13),
(87, 14),
(87, 21),
(88, 11),
(88, 13),
(88, 24),
(89, 17),
(89, 5),
(89, 19),
(89, 7),
(89, 4),
(90, 23),
(90, 12),
(91, 24),
(91, 8),
(91, 23),
(91, 9),
(91, 19),
(92, 22),
(92, 1),
(93, 18),
(93, 3),
(93, 12),
(93, 16),
(93, 11),
(94, 19),
(94, 9),
(95, 21),
(95, 5),
(95, 13),
(95, 7),
(95, 20),
(96, 21),
(96, 24),
(96, 6),
(96, 23),
(96, 19),
(97, 13),
(97, 9),
(97, 20),
(97, 25),
(98, 25),
(98, 4),
(98, 1),
(98, 12),
(99, 4),
(99, 12),
(99, 7),
(99, 23),
(99, 14),
(100, 3),
(100, 23),
(100, 22),
(101, 10),
(101, 20),
(102, 13),
(102, 22),
(102, 24),
(102, 1),
(103, 7),
(103, 15),
(103, 21),
(104, 25),
(104, 11),
(104, 20),
(104, 5),
(104, 17),
(105, 4),
(105, 12),
(106, 14),
(106, 12),
(106, 5),
(106, 7),
(107, 5),
(107, 25),
(107, 21),
(108, 18),
(108, 16),
(109, 19),
(109, 14),
(109, 2),
(109, 23),
(109, 7),
(110, 20),
(110, 14),
(110, 4),
(111, 9),
(111, 21),
(111, 14),
(112, 11),
(112, 16),
(113, 6),
(113, 4),
(114, 10),
(114, 4),
(114, 16),
(115, 20),
(115, 1),
(115, 10),
(115, 16),
(116, 23),
(116, 2),
(116, 21),
(116, 24),
(117, 21),
(117, 9),
(118, 7),
(118, 18),
(118, 21),
(119, 17),
(119, 16),
(119, 2),
(120, 3),
(120, 15),
(120, 19),
(120, 6),
(120, 7),
(121, 8),
(121, 12),
(122, 6),
(122, 4),
(122, 19),
(122, 18),
(123, 11),
(123, 1),
(124, 1),
(124, 8),
(124, 19),
(124, 6),
(125, 14),
(125, 25),
(125, 2),
(125, 8),
(125, 15),
(126, 22),
(126, 13),
(127, 13),
(127, 18),
(127, 10),
(127, 6),
(127, 2),
(128, 18),
(128, 9),
(129, 23),
(129, 5),
(129, 19),
(129, 9),
(129, 15),
(130, 9),
(130, 5),
(131, 2),
(131, 18),
(132, 11),
(132, 18),
(132, 17),
(133, 12),
(133, 20),
(134, 16),
(134, 21),
(134, 20),
(134, 1),
(135, 24),
(135, 7),
(135, 19),
(135, 22),
(135, 20),
(136, 17),
(136, 7),
(137, 8),
(137, 23),
(137, 4),
(137, 1),
(137, 18),
(138, 7),
(138, 20),
(138, 10),
(139, 20),
(139, 4),
(139, 5),
(140, 7),
(140, 19),
(140, 10),
(140, 9),
(140, 20),
(141, 18),
(141, 10),
(141, 5),
(142, 11),
(142, 6),
(143, 1),
(143, 13),
(143, 8),
(144, 13),
(144, 18),
(145, 24),
(145, 1),
(145, 22),
(146, 6),
(146, 23),
(146, 8),
(146, 7),
(146, 9),
(147, 5),
(147, 17),
(147, 1),
(148, 13),
(148, 5),
(149, 20),
(149, 8),
(149, 14),
(149, 10),
(149, 11),
(150, 14),
(150, 5),
(150, 9),
(150, 11),
(150, 15),
(151, 13),
(151, 18),
(152, 24),
(152, 21),
(152, 19),
(152, 2),
(153, 24),
(153, 20),
(153, 13),
(153, 22),
(154, 2),
(154, 12),
(154, 3),
(154, 16),
(155, 21),
(155, 17),
(156, 19),
(156, 7),
(156, 5),
(157, 3),
(157, 21),
(157, 2),
(158, 5),
(158, 6),
(158, 7),
(159, 3),
(159, 14),
(159, 17),
(160, 17),
(160, 18),
(160, 15),
(160, 25),
(161, 17),
(161, 9),
(161, 8),
(162, 21),
(162, 5),
(163, 14),
(163, 5),
(163, 1),
(163, 10),
(164, 7),
(164, 21),
(164, 9),
(165, 2),
(165, 9),
(166, 21),
(166, 7),
(166, 19),
(166, 6),
(166, 13),
(167, 25),
(167, 21),
(167, 11),
(167, 16),
(168, 23),
(168, 6),
(168, 2),
(168, 4),
(169, 9),
(169, 5),
(169, 8),
(170, 10),
(170, 18),
(170, 1),
(171, 1),
(171, 15),
(171, 11),
(171, 18),
(171, 20),
(172, 1),
(172, 25),
(172, 4),
(173, 21),
(173, 10),
(173, 6),
(173, 13),
(173, 9),
(174, 10),
(174, 2),
(174, 15),
(174, 20),
(174, 13),
(175, 6),
(175, 11),
(175, 20),
(175, 17),
(175, 3),
(176, 9),
(176, 24),
(177, 22),
(177, 16),
(177, 13),
(177, 19),
(178, 19),
(178, 13),
(178, 5),
(178, 25),
(178, 23),
(179, 16),
(179, 24),
(179, 3),
(179, 6),
(179, 22),
(180, 24),
(180, 21),
(181, 21),
(181, 18),
(181, 24),
(182, 23),
(182, 22),
(182, 4),
(182, 2),
(183, 4),
(183, 19),
(183, 9),
(183, 23),
(184, 6),
(184, 16),
(184, 11),
(184, 19),
(185, 12),
(185, 5),
(185, 16),
(186, 13),
(186, 18),
(186, 2),
(186, 25),
(187, 8),
(187, 1),
(187, 7),
(187, 14),
(188, 22),
(188, 12),
(188, 25),
(188, 21),
(188, 1),
(189, 12),
(189, 6),
(189, 7),
(189, 3),
(189, 22),
(190, 22),
(190, 3),
(190, 20),
(190, 2),
(190, 13),
(191, 9),
(191, 23),
(191, 18),
(192, 17),
(192, 21),
(192, 2),
(192, 9),
(193, 18),
(193, 24),
(193, 3),
(193, 6),
(194, 22),
(194, 15),
(195, 12),
(195, 10),
(195, 16),
(195, 3),
(196, 10),
(196, 22),
(197, 4),
(197, 20),
(197, 15),
(197, 11),
(198, 18),
(198, 24),
(198, 2),
(199, 12),
(199, 11),
(199, 9),
(199, 10),
(199, 22),
(200, 5),
(200, 1),
(200, 9),
(200, 4),
(200, 7),
(201, 3),
(201, 13),
(201, 21),
(201, 10),
(202, 13),
(202, 5),
(203, 22),
(203, 15),
(203, 3),
(203, 10),
(203, 21),
(204, 11),
(204, 4),
(204, 18),
(204, 24),
(205, 22),
(205, 6),
(205, 12),
(205, 16),
(206, 5),
(206, 20),
(206, 15),
(206, 18),
(206, 25),
(207, 5),
(207, 13),
(207, 22),
(207, 15),
(208, 14),
(208, 3),
(208, 4),
(209, 24),
(209, 9),
(210, 6),
(210, 10),
(210, 25),
(210, 4),
(210, 17),
(211, 25),
(211, 24),
(212, 14),
(212, 21),
(212, 25),
(212, 1),
(212, 5),
(213, 7),
(213, 11),
(214, 18),
(214, 1),
(215, 8),
(215, 11),
(215, 13),
(215, 10),
(215, 3),
(216, 3),
(216, 4),
(216, 18),
(217, 2),
(217, 19),
(217, 10),
(217, 5),
(218, 8),
(218, 5),
(218, 22),
(219, 7),
(219, 4),
(219, 6),
(219, 21),
(220, 14),
(220, 3),
(220, 21),
(221, 11),
(221, 25),
(221, 10),
(221, 21),
(222, 11),
(222, 21),
(222, 10),
(223, 7),
(223, 2),
(223, 22),
(223, 1),
(223, 21),
(224, 5),
(224, 9),
(224, 24),
(225, 21),
(225, 16),
(226, 25),
(226, 23),
(226, 7),
(226, 15),
(227, 3),
(227, 6),
(228, 12),
(228, 24),
(228, 25),
(228, 18),
(228, 19),
(229, 11),
(229, 8),
(229, 1),
(230, 4),
(230, 18),
(231, 4),
(231, 17),
(231, 23),
(231, 5),
(232, 20),
(232, 10),
(232, 3),
(232, 25),
(233, 17),
(233, 18),
(233, 22),
(233, 14),
(234, 5),
(234, 23),
(234, 1),
(234, 10),
(235, 17),
(235, 1),
(236, 23),
(236, 2),
(236, 12),
(237, 5),
(237, 21),
(237, 18),
(238, 8),
(238, 9),
(238, 11),
(239, 10),
(239, 5),
(239, 3),
(240, 19),
(240, 2),
(241, 13),
(241, 5),
(242, 21),
(242, 1),
(242, 13),
(243, 5),
(243, 10),
(243, 16),
(243, 6),
(244, 3),
(244, 6),
(245, 18),
(245, 21),
(245, 14),
(246, 8),
(246, 11),
(246, 20),
(247, 12),
(247, 13),
(247, 15),
(248, 16),
(248, 1),
(249, 5),
(249, 4),
(249, 20),
(249, 2),
(250, 3),
(250, 7),
(250, 8),
(251, 9),
(251, 7),
(252, 20),
(252, 25),
(252, 15),
(252, 17),
(253, 18),
(253, 10),
(254, 13),
(254, 12),
(255, 6),
(255, 5),
(256, 24),
(256, 1),
(256, 19),
(256, 3),
(256, 8),
(257, 10),
(257, 14),
(258, 1),
(258, 20),
(258, 19),
(259, 6),
(259, 5),
(260, 13),
(260, 9),
(260, 12),
(260, 19),
(260, 3),
(261, 22),
(261, 8),
(261, 15),
(262, 20),
(262, 21),
(262, 23),
(262, 22),
(263, 13),
(263, 3),
(263, 1),
(264, 22),
(264, 23),
(264, 6),
(264, 21),
(264, 9),
(265, 4),
(265, 21),
(265, 24),
(266, 6),
(266, 22),
(266, 1),
(266, 21),
(267, 5),
(267, 25),
(268, 15),
(268, 12),
(269, 15),
(269, 1),
(269, 16),
(269, 3),
(269, 19),
(270, 11),
(270, 25),
(270, 10),
(270, 5),
(271, 18),
(271, 2),
(272, 12),
(272, 21),
(272, 2),
(272, 25),
(272, 11),
(273, 21),
(273, 10),
(273, 12),
(273, 8),
(274, 3),
(274, 25),
(274, 1),
(274, 2),
(274, 16),
(275, 21),
(275, 1),
(276, 4),
(276, 22),
(276, 5),
(276, 7),
(277, 11),
(277, 16),
(277, 24),
(277, 13),
(277, 23),
(278, 15),
(278, 24),
(279, 16),
(279, 19),
(280, 10),
(280, 25),
(280, 2),
(281, 24),
(281, 16),
(282, 22),
(282, 12),
(282, 3),
(282, 17),
(283, 25),
(283, 6),
(283, 21),
(283, 9),
(284, 15),
(284, 20),
(284, 7),
(284, 5),
(285, 11),
(285, 17),
(286, 8),
(286, 18),
(286, 14),
(286, 15),
(286, 20),
(287, 24),
(287, 12),
(287, 25),
(288, 4),
(288, 3),
(288, 24),
(288, 22),
(289, 24),
(289, 13),
(290, 20),
(290, 17),
(290, 25),
(290, 19),
(290, 12),
(291, 7),
(291, 12),
(291, 21),
(292, 17),
(292, 15),
(293, 24),
(293, 7),
(293, 14),
(293, 11),
(293, 1),
(294, 17),
(294, 11),
(294, 23),
(295, 21),
(295, 19),
(295, 5),
(295, 7),
(296, 10),
(296, 11),
(296, 24),
(296, 21),
(297, 14),
(297, 2),
(297, 3),
(297, 20),
(298, 12),
(298, 11),
(299, 4),
(299, 8),
(299, 7),
(299, 2),
(299, 16),
(300, 18),
(300, 25),
(301, 10),
(301, 14),
(301, 11),
(301, 18),
(301, 25),
(302, 24),
(302, 1),
(302, 4),
(302, 14),
(302, 19),
(303, 6),
(303, 3),
(303, 11),
(303, 14),
(303, 23),
(304, 11),
(304, 8),
(304, 22),
(305, 24),
(305, 14),
(305, 3),
(305, 22),
(305, 5),
(306, 21),
(306, 16),
(306, 18),
(306, 15),
(306, 23),
(307, 17),
(307, 1),
(307, 20),
(307, 5),
(308, 17),
(308, 20),
(309, 8),
(309, 2),
(309, 9),
(310, 22),
(310, 12),
(310, 3),
(310, 9),
(310, 18),
(311, 25),
(311, 19),
(311, 7),
(312, 14),
(312, 22),
(313, 16),
(313, 4),
(314, 16),
(314, 23),
(314, 2),
(315, 7),
(315, 3),
(315, 8),
(315, 6),
(316, 8),
(316, 2),
(316, 5),
(317, 25),
(317, 12),
(317, 16),
(317, 8),
(317, 3),
(318, 20),
(318, 23),
(318, 22),
(319, 1),
(319, 3),
(319, 21),
(319, 10),
(320, 18),
(320, 5),
(321, 16),
(321, 18),
(321, 3),
(321, 23),
(321, 21),
(322, 11),
(322, 20),
(322, 4),
(323, 12),
(323, 25),
(323, 21),
(323, 8),
(324, 12),
(324, 17),
(325, 9),
(325, 14),
(325, 23),
(326, 21),
(326, 22),
(326, 12),
(326, 4),
(326, 18),
(327, 8),
(327, 7),
(327, 12),
(327, 16),
(327, 3),
(328, 24),
(328, 8),
(328, 13),
(328, 22),
(329, 8),
(329, 2),
(329, 9),
(329, 19),
(329, 18),
(330, 22),
(330, 11),
(330, 24),
(331, 21),
(331, 20),
(331, 3),
(332, 7),
(332, 24),
(332, 3),
(332, 5),
(333, 12),
(333, 4),
(334, 20),
(334, 8),
(334, 7),
(335, 15),
(335, 12),
(335, 14),
(335, 4),
(336, 22),
(336, 15),
(336, 24),
(336, 11),
(336, 13),
(337, 17),
(337, 8),
(338, 10),
(338, 14),
(338, 3),
(338, 23),
(338, 19),
(339, 22),
(339, 25),
(340, 20),
(340, 8),
(341, 19),
(341, 6),
(341, 10),
(342, 3),
(342, 21),
(342, 7),
(343, 13),
(343, 1),
(343, 24),
(343, 9),
(344, 21),
(344, 5),
(344, 6),
(345, 16),
(345, 17),
(345, 11),
(345, 24),
(346, 20),
(346, 15),
(346, 12),
(346, 4),
(347, 15),
(347, 3),
(347, 22),
(347, 17),
(347, 12),
(348, 1),
(348, 6),
(348, 9),
(348, 24),
(349, 18),
(349, 4),
(349, 10),
(350, 24),
(350, 15),
(350, 16),
(350, 6),
(351, 5),
(351, 19),
(351, 1),
(352, 5),
(352, 15),
(352, 25),
(352, 6),
(352, 1),
(353, 20),
(353, 9),
(354, 17),
(354, 6),
(355, 5),
(355, 22),
(355, 10),
(355, 23),
(356, 5),
(356, 1),
(356, 24),
(356, 17),
(357, 16),
(357, 25),
(357, 4),
(357, 15),
(358, 6),
(358, 4),
(358, 8),
(359, 5),
(359, 9),
(360, 10),
(360, 5),
(360, 16),
(361, 13),
(361, 2),
(361, 7),
(361, 15),
(362, 18),
(362, 24),
(362, 3),
(363, 14),
(363, 10),
(363, 1),
(363, 22),
(364, 21),
(364, 9),
(364, 13),
(364, 4),
(364, 18),
(365, 17),
(365, 10),
(365, 19),
(365, 7),
(365, 12),
(366, 17),
(366, 1),
(367, 13),
(367, 9),
(367, 7),
(367, 8),
(367, 15),
(368, 18),
(368, 25),
(368, 1),
(369, 25),
(369, 8),
(369, 16),
(369, 22),
(370, 7),
(370, 21),
(371, 11),
(371, 14),
(371, 2),
(372, 17),
(372, 23),
(373, 21),
(373, 10),
(373, 4),
(374, 18),
(374, 21),
(374, 6),
(374, 2),
(375, 24),
(375, 17),
(376, 2),
(376, 7),
(376, 6),
(377, 14),
(377, 10),
(377, 16),
(378, 21),
(378, 14),
(378, 8),
(378, 12),
(379, 17),
(379, 19),
(379, 1),
(380, 10),
(380, 16),
(380, 14),
(380, 20),
(380, 3),
(381, 8),
(381, 19),
(381, 10),
(381, 21),
(382, 10),
(382, 15),
(382, 18),
(383, 18),
(383, 2),
(383, 8),
(383, 12),
(384, 1),
(384, 21),
(384, 2),
(384, 22),
(384, 4),
(385, 8),
(385, 7),
(386, 9),
(386, 25),
(387, 16),
(387, 19),
(388, 8),
(388, 18),
(388, 24),
(388, 4),
(388, 23),
(389, 18),
(389, 24),
(389, 21),
(389, 15),
(389, 6),
(390, 2),
(390, 8),
(390, 11),
(390, 1),
(390, 16),
(391, 24),
(391, 12),
(392, 11),
(392, 18),
(393, 9),
(393, 21),
(393, 1),
(393, 23),
(393, 11),
(394, 21),
(394, 15),
(394, 1),
(394, 25),
(395, 20),
(395, 11),
(395, 5),
(396, 5),
(396, 7),
(397, 23),
(397, 14),
(397, 8),
(397, 12),
(397, 16),
(398, 14),
(398, 9),
(398, 1),
(399, 16),
(399, 2),
(399, 13),
(399, 25),
(400, 16),
(400, 24),
(401, 7),
(401, 24),
(401, 25),
(401, 17),
(401, 3),
(402, 25),
(402, 1),
(403, 6),
(403, 12),
(403, 1),
(404, 4),
(404, 14),
(405, 18),
(405, 20),
(405, 15),
(405, 5),
(406, 6),
(406, 3),
(406, 7),
(406, 21),
(406, 10),
(407, 22),
(407, 3),
(407, 7),
(407, 18),
(408, 17),
(408, 20),
(408, 12),
(408, 10),
(408, 7),
(409, 3),
(409, 21),
(410, 17),
(410, 19),
(410, 7),
(410, 1),
(411, 21),
(411, 20),
(412, 23),
(412, 25),
(412, 13),
(412, 18),
(413, 5),
(413, 21),
(414, 20),
(414, 5),
(414, 14),
(414, 1),
(415, 16),
(415, 13),
(415, 4),
(416, 18),
(416, 4),
(416, 13),
(416, 17),
(416, 25),
(417, 6),
(417, 13),
(417, 12),
(417, 2),
(417, 1),
(418, 4),
(418, 3),
(418, 22),
(418, 5),
(418, 7),
(419, 25),
(419, 24),
(420, 3),
(420, 6),
(420, 7),
(420, 20),
(420, 19),
(421, 8),
(421, 7),
(421, 22),
(421, 12),
(421, 14),
(422, 14),
(422, 2),
(422, 9),
(423, 25),
(423, 2),
(423, 13),
(423, 21),
(424, 3),
(424, 19),
(424, 18),
(424, 24),
(424, 21),
(425, 17),
(425, 18),
(425, 24),
(425, 1),
(426, 14),
(426, 7),
(426, 18),
(426, 25),
(426, 17),
(427, 5),
(427, 13),
(427, 2),
(427, 18),
(427, 22);